Changes made at Sat Aug  9 05:58:18 UTC 2025
Changes made at Thu Nov 20 13:38:01 UTC 2025
Changes made at Thu Nov 20 14:12:31 UTC 2025
Changes made at Thu Nov 20 16:15:57 UTC 2025
Changes made at Fri Nov 21 08:17:53 UTC 2025
Changes made at Fri Nov 21 10:13:16 UTC 2025
Changes made at Fri Nov 21 14:12:28 UTC 2025
Changes made at Fri Nov 21 16:15:29 UTC 2025
Changes made at Sat Nov 22 08:15:11 UTC 2025
Changes made at Sat Nov 22 10:12:15 UTC 2025
Changes made at Sat Nov 22 14:10:19 UTC 2025
Changes made at Sat Nov 22 16:13:35 UTC 2025
Changes made at Sun Nov 23 08:15:11 UTC 2025
Changes made at Sun Nov 23 10:11:54 UTC 2025
Changes made at Sun Nov 23 14:10:25 UTC 2025
Changes made at Sun Nov 23 16:13:27 UTC 2025
Changes made at Mon Nov 24 08:18:54 UTC 2025
Changes made at Mon Nov 24 10:14:52 UTC 2025
Changes made at Mon Nov 24 14:13:11 UTC 2025
Changes made at Mon Nov 24 16:14:00 UTC 2025
Changes made at Tue Nov 25 08:18:13 UTC 2025
Changes made at Tue Nov 25 10:15:20 UTC 2025
